{
    "lr": 0.0008682184915454779,
    "d_model": 128,
    "n_layers": 4,
    "n_heads": 4,
    "batch_size": 32,
    "lambda_recon": 25.695027157376032
}