{
    "lr": 0.0009949550518858511,
    "d_model": 256,
    "n_layers": 2,
    "n_heads": 4,
    "batch_size": 32,
    "lambda_recon": 85.37397580829814
}